Capa,Geometría,Registros
acueducto_l,LineString,22220
aerodromo_a,Polygon,89
area_publica_a,Polygon,18069
banco_mater_p,Point,5047
banco_nivel_p,Point,70781
bordo_l,LineString,360000
camino_l,LineString,638594
canal_a,Polygon,6548
canal_l,LineString,33325
carretera_l,LineString,39321
cementerio_a,Polygon,23026
cementerio_p,Point,2841
conducto_l,LineString,1693
corriente_ag_a,Polygon,6390
corriente_ag_l,LineString,2427848
corriente_de_p,Point,126763
curva_nivel_l,LineString,3033618
deposito_des_p,Point,3396
edifica_cult_p,Point,69125
edificacion_a,Polygon,9606
edificacion_p,Point,4132640
elemento_ins_a,Polygon,7308
elemento_ins_p,Point,3636
emisor_senal_p,Point,560
enlace_fluvi_l,LineString,98
entrada_cavi_p,Point,430
escuela_p,Point,55028
est_ferrocarril_a,Polygon,65
est_ferrocarril_p,Point,58
est_geo_grav_p,Point,30592
est_geo_hor_p,Point,96788
estacion_abast_p,Point,2908
estacion_tel_p,Point,7872
estanque_a,Polygon,28795
estruc_eleva_p,Point,1154
fango_a,Polygon,10
form_rel_su_a,Polygon,536
form_rel_su_p,Point,42
funicular_l,LineString,22
granja_a,Polygon,9838
ins_aduanal_a,Polygon,76
ins_aduanal_p,Point,44
ins_bombeo_a,Polygon,1338
ins_bombeo_p,Point,9161
ins_deportiv_a,Polygon,10358
ins_deportiv_p,Point,4234
ins_diversa_a,Polygon,1155
ins_diversa_p,Point,192
ins_industr_a,Polygon,2541
ins_portuar_a,Polygon,658
ins_portuar_l,LineString,1574
limite_intna_l,LineString,2
linea_costa_l,LineString,2575
linea_transm_l,LineString,6736
malpais_a,Polygon,256
manantial_p,Point,22068
mina_p,Point,1112
mojonera_p,Point,385
muro_contenc_l,LineString,451
pantano_a,Polygon,822
pista_aviaci_a,Polygon,738
pista_aviaci_l,LineString,562
pista_carrer_l,LineString,479
planta_agua_a,Polygon,2120
planta_gener_a,Polygon,369
planta_gener_p,Point,36
plaza_cobro_p,Point,875
pozo_p,Point,46682
presa_l,LineString,4846
puente_l,LineString,29484
punto_acotad_p,Point,5707
rasgo_arqueo_a,Polygon,325
rasgo_arqueo_p,Point,138
referencia_g_p,Point,132006
salina_a,Polygon,333
salto_agua_l,LineString,105
salto_agua_p,Point,888
servicio_med_a,Polygon,16360
servicio_med_p,Point,17353
subesta_elec_a,Polygon,2909
subesta_elec_p,Point,200
tanque_a,Polygon,1591
tanque_p,Point,63455
tunel_l,LineString,515
vado_p,Point,3836
via_ferrea_l,LineString,603
vialidad_l,LineString,2261035
edifica_cult_a,MultiPolygon,35531
escuela_a,MultiPolygon,131436
terreno_suje_a,MultiPolygon,12446
zona_a,MultiPolygon,2146
manzana_a,Polygon,2276412
cuerpo_agua_a,MultiPolygon,455913
localidad_p,Point,241592
localidad_a,MultiPolygon,40025
